{"av_txn_latency": 4271.189999103546, "txn_throughput": 0.003703703703703704, "txn_proc_ratio": 0.002}