{"av_txn_latency": 21349.603976540286, "txn_throughput": 0.39351851851851855, "txn_proc_ratio": 0.2125}