{"av_txn_latency": 21236.834187670112, "txn_throughput": 0.39537037037037037, "txn_proc_ratio": 0.2135}