{"av_txn_latency": 21315.42944581147, "txn_throughput": 0.45185185185185184, "txn_proc_ratio": 0.244}