{"av_txn_latency": 21266.530857088543, "txn_throughput": 0.28055555555555556, "txn_proc_ratio": 0.1515}