{"av_txn_latency": 21331.32554204166, "txn_throughput": 0.4444444444444444, "txn_proc_ratio": 0.24}