{"av_txn_latency": 21268.130141606624, "txn_throughput": 0.46574074074074073, "txn_proc_ratio": 0.2515}