{"av_txn_latency": 21399.652504866383, "txn_throughput": 0.38425925925925924, "txn_proc_ratio": 0.2075}