{"av_txn_latency": 21140.719720197558, "txn_throughput": 0.42407407407407405, "txn_proc_ratio": 0.229}