{"av_txn_latency": 21300.829735752985, "txn_throughput": 0.45092592592592595, "txn_proc_ratio": 0.2435}