{"av_txn_latency": 21302.035346266883, "txn_throughput": 0.4861111111111111, "txn_proc_ratio": 0.2625}