{"av_txn_latency": 21301.52494791913, "txn_throughput": 0.2712962962962963, "txn_proc_ratio": 0.1465}