{"av_txn_latency": 21329.214302335582, "txn_throughput": 0.2712962962962963, "txn_proc_ratio": 0.1465}