{"av_txn_latency": 21212.243692807297, "txn_throughput": 0.24814814814814815, "txn_proc_ratio": 0.134}