{"av_txn_latency": 21370.572853329923, "txn_throughput": 0.2824074074074074, "txn_proc_ratio": 0.1525}