{"av_txn_latency": 1260.3999998569489, "txn_throughput": 0.003703703703703704, "txn_proc_ratio": 0.002}