{"av_txn_latency": 195.00333333015442, "txn_throughput": 0.005555555555555556, "txn_proc_ratio": 0.003}