{"av_txn_latency": 391.9449996948242, "txn_throughput": 0.007407407407407408, "txn_proc_ratio": 0.004}