{"loc0_0_loc0_1": 1.3996365385366056, "loc0_0_loc0_2": 1.4048618551111158, "loc0_0_loc0_3": 1.23856352618345, "loc0_0_loc0_4": 1.2392229332642142, "loc0_0_loc0_5": 1.1746047532298967, "loc0_1_loc0_2": 1.3105004548539314, "loc0_1_loc0_3": 1.1206197290039839, "loc0_1_loc0_4": 1.179204150560364, "loc0_1_loc0_5": 1.291946362449795, "loc0_2_loc0_3": 1.2344103885316142, "loc0_2_loc0_4": 1.1182729562377698, "loc0_2_loc0_5": 1.3855811692552331, "loc0_3_loc0_4": 1.253087695060933, "loc0_3_loc0_5": 1.1266112138643432, "loc0_4_loc0_5": 1.1879083425559118, "loc1_0_loc1_1": 1.1960736153709095, "loc1_0_loc1_2": 1.3069254702115534, "loc1_0_loc1_3": 1.2213716670291628, "loc1_0_loc1_4": 1.0535587705781444, "loc1_0_loc1_5": 1.08733233353249, "loc1_0_loc1_6": 1.2088844467832884, "loc1_0_loc1_7": 1.1257741993383068, "loc1_0_loc1_8": 1.0883095501634863, "loc1_1_loc1_2": 1.227718785686378, "loc1_1_loc1_3": 1.3569523603161384, "loc1_1_loc1_4": 1.1727579988115129, "loc1_1_loc1_5": 1.4366321326389895, "loc1_1_loc1_6": 1.1085119122128186, "loc1_1_loc1_7": 1.4688820938963203, "loc1_1_loc1_8": 1.161824646583285, "loc1_2_loc1_3": 1.0665275042546545, "loc1_2_loc1_4": 1.1376206138679015, "loc1_2_loc1_5": 1.3290049826369184, "loc1_2_loc1_6": 1.0185546088924127, "loc1_2_loc1_7": 1.4236226725180396, "loc1_2_loc1_8": 1.1562984214122176, "loc1_3_loc1_4": 1.102921468761183, "loc1_3_loc1_5": 1.0494196075548288, "loc1_3_loc1_6": 1.1291397702741537, "loc1_3_loc1_7": 1.0683628941681749, "loc1_3_loc1_8": 1.2429018656193664, "loc1_4_loc1_5": 1.16171422613292, "loc1_4_loc1_6": 1.106476053538053, "loc1_4_loc1_7": 1.0973925976294614, "loc1_4_loc1_8": 1.1747633336167704, "loc1_5_loc1_6": 1.0831905758884015, "loc1_5_loc1_7": 1.2556278915976207, "loc1_5_loc1_8": 1.0377888583810875, "loc1_6_loc1_7": 1.1655070438557007, "loc1_6_loc1_8": 1.1113096237197024, "loc1_7_loc1_8": 1.0623851770172488, "loc0_0_loc1_0": 175.41904628673223, "loc0_0_loc1_1": 175.29756124212838, "loc0_0_loc1_2": 175.266186935348, "loc0_0_loc1_3": 175.2623765385127, "loc0_0_loc1_4": 175.51078266330293, "loc0_0_loc1_5": 175.44611887540378, "loc0_0_loc1_6": 175.47701418423682, "loc0_0_loc1_7": 175.69304626243, "loc0_0_loc1_8": 175.38228387986084, "loc0_1_loc1_0": 175.23026323412535, "loc0_1_loc1_1": 175.23675068927884, "loc0_1_loc1_2": 175.47035222848723, "loc0_1_loc1_3": 175.4698427856123, "loc0_1_loc1_4": 175.54821917429857, "loc0_1_loc1_5": 175.21899414712547, "loc0_1_loc1_6": 175.50731174021942, "loc0_1_loc1_7": 175.46392467497637, "loc0_1_loc1_8": 175.41102256254962, "loc0_2_loc1_0": 175.53280442795474, "loc0_2_loc1_1": 175.80308430337638, "loc0_2_loc1_2": 175.53593245839662, "loc0_2_loc1_3": 175.65404483917473, "loc0_2_loc1_4": 175.32304409823217, "loc0_2_loc1_5": 175.53965392107753, "loc0_2_loc1_6": 175.61513165049627, "loc0_2_loc1_7": 175.3677876392985, "loc0_2_loc1_8": 175.55372349220582, "loc0_3_loc1_0": 175.54309075054343, "loc0_3_loc1_1": 175.5175452137195, "loc0_3_loc1_2": 175.55819949945345, "loc0_3_loc1_3": 175.32330737017864, "loc0_3_loc1_4": 175.18081917044245, "loc0_3_loc1_5": 175.7071208008125, "loc0_3_loc1_6": 175.81436497417587, "loc0_3_loc1_7": 175.57431575816375, "loc0_3_loc1_8": 175.33384718249016, "loc0_4_loc1_0": 175.12883369556585, "loc0_4_loc1_1": 175.58202543324268, "loc0_4_loc1_2": 175.35010564386747, "loc0_4_loc1_3": 175.4540010576528, "loc0_4_loc1_4": 175.59479094482197, "loc0_4_loc1_5": 175.04433497834438, "loc0_4_loc1_6": 175.43501452540136, "loc0_4_loc1_7": 175.49133230995406, "loc0_4_loc1_8": 175.60600352504957, "loc0_5_loc1_0": 175.60735634540873, "loc0_5_loc1_1": 175.44743395695983, "loc0_5_loc1_2": 175.91535456704568, "loc0_5_loc1_3": 175.5667332123118, "loc0_5_loc1_4": 175.37514421490124, "loc0_5_loc1_5": 175.477381252005, "loc0_5_loc1_6": 175.2986500817845, "loc0_5_loc1_7": 175.30435030774532, "loc0_5_loc1_8": 175.0118166693778}