{"PSO_default_total_100_current_0": 2.4332529789994624, "PSO_default_total_100_current_1": 1.5188576639995972, "PSO_default_total_100_current_2": 3.3965619400009928, "PSO_default_total_100_current_3": 3.234704331999751, "PSO_default_total_100_current_4": 1.7222450729997263, "PSO_default_total_100_current_5": 1.8642923279998058, "PSO_default_total_100_current_6": 1.5279625249999071, "PSO_default_total_100_current_7": 1.7565973660002783, "PSO_default_total_100_current_8": 1.6599304469999652, "PSO_default_total_100_current_9": 3.372212290999755, "PSO_default_total_100_current_10": 1.227940629999921, "PSO_default_total_100_current_11": 1.7890403579997383, "PSO_default_total_100_current_12": 1.0740450389999978, "PSO_default_total_100_current_13": 2.1456158669999468, "PSO_default_total_100_current_14": 3.4762457149996635, "PSO_default_total_100_current_15": 3.3701454610001065, "PSO_default_total_100_current_16": 2.422173620999615, "PSO_default_total_100_current_17": 1.4897249809998812, "PSO_default_total_100_current_18": 1.4089215889999878, "PSO_default_total_100_current_19": 1.0869843280001987, "PSO_default_total_100_current_20": 2.4763329209996527, "PSO_default_total_100_current_21": 1.2899352149997867, "PSO_default_total_100_current_22": 1.924865669000269, "PSO_default_total_100_current_23": 3.3802485829999114, "PSO_default_total_100_current_24": 2.577941697999563, "PSO_default_total_100_current_25": 3.155864305998989, "PSO_default_total_100_current_26": 1.1285004359997401, "PSO_default_total_100_current_27": 2.4180517950004514, "PSO_default_total_100_current_28": 1.4295594000002438, "PSO_default_total_100_current_29": 1.089535919000241, "PSO_default_total_100_current_30": 0.9563325189996021, "PSO_default_total_100_current_31": 3.017910589000394, "PSO_default_total_100_current_32": 0.9642238809999526, "PSO_default_total_100_current_33": 1.488844150000432, "PSO_default_total_100_current_34": 1.2213991630002283, "PSO_default_total_100_current_35": 1.294294366999452, "PSO_default_total_100_current_36": 2.0200920159991256, "PSO_default_total_100_current_37": 2.0159885529997155, "PSO_default_total_100_current_38": 1.2137589680000929, "PSO_default_total_100_current_39": 1.5795174740002267, "PSO_default_total_100_current_40": 1.6380438419994334, "PSO_default_total_100_current_41": 1.1098021900003232, "PSO_default_total_100_current_42": 0.937421607999795, "PSO_default_total_100_current_43": 0.8956252400000722, "PSO_default_total_100_current_44": 0.9558139719995324, "PSO_default_total_100_current_45": 1.3075413649997927, "PSO_default_total_100_current_46": 1.2184927519996336, "PSO_default_total_100_current_47": 1.31710719900002, "PSO_default_total_100_current_48": 1.2892768030006891, "PSO_default_total_100_current_49": 0.9376504589996557, "PSO_default_total_100_current_50": 0.9194683749999513, "PSO_default_total_100_current_51": 0.9595074069995917, "PSO_default_total_100_current_52": 1.2695345220002991, "PSO_default_total_100_current_53": 2.122784364000154, "PSO_default_total_100_current_54": 1.5765392680003742, "PSO_default_total_100_current_55": 1.0465489120005032, "PSO_default_total_100_current_56": 3.097833947999675, "PSO_default_total_100_current_57": 1.6657588190001889, "PSO_default_total_100_current_58": 0.9648562739997715, "PSO_default_total_100_current_59": 2.6286825399994314, "PSO_default_total_100_current_60": 1.7874338630003876, "PSO_default_total_100_current_61": 0.942833119999932, "PSO_default_total_100_current_62": 1.140905809999822, "PSO_default_total_100_current_63": 1.669687972999668, "PSO_default_total_100_current_64": 1.2580044700001736, "PSO_default_total_100_current_65": 0.9724542920000658, "PSO_default_total_100_current_66": 3.068687407000084, "PSO_default_total_100_current_67": 3.1200003260000813, "PSO_default_total_100_current_68": 1.032295256000225, "PSO_default_total_100_current_69": 1.9989748760002612, "PSO_default_total_100_current_70": 1.3049249079999754, "PSO_default_total_100_current_71": 3.086926987999391, "PSO_default_total_100_current_72": 0.9522673180000538, "PSO_default_total_100_current_73": 0.9893410260001474, "PSO_default_total_100_current_74": 2.3711167919996115, "PSO_default_total_100_current_75": 3.1020085169999447, "PSO_default_total_100_current_76": 2.3648776820002695, "PSO_default_total_100_current_77": 2.033133671999394, "PSO_default_total_100_current_78": 1.8593813429996544, "PSO_default_total_100_current_79": 3.0985485379995907, "PSO_default_total_100_current_80": 2.7105544329995155, "PSO_default_total_100_current_81": 1.494162212999413, "PSO_default_total_100_current_82": 2.9935093450008026, "PSO_default_total_100_current_83": 1.0130159319999166, "PSO_default_total_100_current_84": 1.033483052000065, "PSO_default_total_100_current_85": 1.3873412950001693, "PSO_default_total_100_current_86": 1.117646499999978, "PSO_default_total_100_current_87": 2.417899137000063, "PSO_default_total_100_current_88": 2.4028421780008102, "PSO_default_total_100_current_89": 2.0798890050001546, "PSO_default_total_100_current_90": 1.4783399540000346, "PSO_default_total_100_current_91": 1.4693740070005106, "PSO_default_total_100_current_92": 2.009482101999538, "PSO_default_total_100_current_93": 1.9050013939996688, "PSO_default_total_100_current_94": 3.351740459000439, "PSO_default_total_100_current_95": 1.4387928459999557, "PSO_default_total_100_current_96": 2.946182166999961, "PSO_default_total_100_current_97": 2.4589124329994547, "PSO_default_total_100_current_98": 1.6769016189995227, "PSO_default_total_100_current_99": 1.2665251160002526}