{"PSO_default_total_100_current_0": 1.1418352880002658, "PSO_default_total_100_current_1": 2.9482740579994697, "PSO_default_total_100_current_2": 1.9179766479996943, "PSO_default_total_100_current_3": 2.6866173509999953, "PSO_default_total_100_current_4": 2.6765620339988345, "PSO_default_total_100_current_5": 2.2371254960000897, "PSO_default_total_100_current_6": 1.491501992000849, "PSO_default_total_100_current_7": 1.8415371310015871, "PSO_default_total_100_current_8": 1.7186464730002626, "PSO_default_total_100_current_9": 1.085955931999706, "PSO_default_total_100_current_10": 1.6385710970009768, "PSO_default_total_100_current_11": 1.153759575999402, "PSO_default_total_100_current_12": 1.667275294000774, "PSO_default_total_100_current_13": 1.6131464220009093, "PSO_default_total_100_current_14": 2.2848334600012095, "PSO_default_total_100_current_15": 3.2647531009993145, "PSO_default_total_100_current_16": 1.0671931520007547, "PSO_default_total_100_current_17": 1.1611813390002226, "PSO_default_total_100_current_18": 1.5909275070002877, "PSO_default_total_100_current_19": 1.2362785340005757, "PSO_default_total_100_current_20": 3.2450903289993676, "PSO_default_total_100_current_21": 2.536481314998582, "PSO_default_total_100_current_22": 3.271946188000129, "PSO_default_total_100_current_23": 1.071015615998931, "PSO_default_total_100_current_24": 1.637161974999799, "PSO_default_total_100_current_25": 2.4156820699993204, "PSO_default_total_100_current_26": 1.0249713759994847, "PSO_default_total_100_current_27": 1.0574401599994872, "PSO_default_total_100_current_28": 1.9427689950002787, "PSO_default_total_100_current_29": 1.3917434009988483, "PSO_default_total_100_current_30": 1.10816878399919, "PSO_default_total_100_current_31": 0.906212362000133, "PSO_default_total_100_current_32": 1.0958101929995792, "PSO_default_total_100_current_33": 0.8933047289995102, "PSO_default_total_100_current_34": 1.4303631819998373, "PSO_default_total_100_current_35": 0.8875277489999007, "PSO_default_total_100_current_36": 0.8961600930003897, "PSO_default_total_100_current_37": 1.830383464000306, "PSO_default_total_100_current_38": 0.9890802229992914, "PSO_default_total_100_current_39": 0.9804890110010547, "PSO_default_total_100_current_40": 1.4176225539999905, "PSO_default_total_100_current_41": 2.875422796999146, "PSO_default_total_100_current_42": 0.9043977879989598, "PSO_default_total_100_current_43": 0.9512924910002312, "PSO_default_total_100_current_44": 0.9614975799995591, "PSO_default_total_100_current_45": 0.9632277379989773, "PSO_default_total_100_current_46": 1.0783402840004328, "PSO_default_total_100_current_47": 0.9096167590000732, "PSO_default_total_100_current_48": 1.0352936419994876, "PSO_default_total_100_current_49": 0.8858081450000554, "PSO_default_total_100_current_50": 1.0346777120009847, "PSO_default_total_100_current_51": 2.9589960749997317, "PSO_default_total_100_current_52": 0.9201554800006306, "PSO_default_total_100_current_53": 1.0774496140002157, "PSO_default_total_100_current_54": 0.9103394019996358, "PSO_default_total_100_current_55": 1.687390139000854, "PSO_default_total_100_current_56": 0.9832433940002829, "PSO_default_total_100_current_57": 2.1433872219988643, "PSO_default_total_100_current_58": 0.9807770790002905, "PSO_default_total_100_current_59": 0.9209229670002514, "PSO_default_total_100_current_60": 1.181620189000114, "PSO_default_total_100_current_61": 0.9519303959998524, "PSO_default_total_100_current_62": 0.9579777320002449, "PSO_default_total_100_current_63": 1.3925236580005276, "PSO_default_total_100_current_64": 0.9763834410009622, "PSO_default_total_100_current_65": 0.9492657620007776, "PSO_default_total_100_current_66": 1.329660607999358, "PSO_default_total_100_current_67": 1.063796832999742, "PSO_default_total_100_current_68": 0.9610943940001562, "PSO_default_total_100_current_69": 1.3873494860013125, "PSO_default_total_100_current_70": 0.9610890460007795, "PSO_default_total_100_current_71": 1.1342666139989888, "PSO_default_total_100_current_72": 0.9911822509996, "PSO_default_total_100_current_73": 0.9975529070004541, "PSO_default_total_100_current_74": 0.9590841720003027, "PSO_default_total_100_current_75": 1.7147832729995116, "PSO_default_total_100_current_76": 0.990843872999676, "PSO_default_total_100_current_77": 1.6323817739998958, "PSO_default_total_100_current_78": 1.1411312650000127, "PSO_default_total_100_current_79": 0.9675255759996162, "PSO_default_total_100_current_80": 1.794277436998982, "PSO_default_total_100_current_81": 1.008074646000523, "PSO_default_total_100_current_82": 0.9445729130004565, "PSO_default_total_100_current_83": 1.1437307360001796, "PSO_default_total_100_current_84": 1.2122681680004916, "PSO_default_total_100_current_85": 1.30563510499951, "PSO_default_total_100_current_86": 1.8112081499998567, "PSO_default_total_100_current_87": 1.9145667979996688, "PSO_default_total_100_current_88": 1.3661830209991876, "PSO_default_total_100_current_89": 3.335453868000968, "PSO_default_total_100_current_90": 2.6035983719989417, "PSO_default_total_100_current_91": 1.6569789119994311, "PSO_default_total_100_current_92": 1.23536961300033, "PSO_default_total_100_current_93": 1.2305597360002594, "PSO_default_total_100_current_94": 1.2928536309993888, "PSO_default_total_100_current_95": 2.3308006439995097, "PSO_default_total_100_current_96": 2.374891612000056, "PSO_default_total_100_current_97": 1.8925168480000139, "PSO_default_total_100_current_98": 2.109741528000768, "PSO_default_total_100_current_99": 1.510845734998611}