{"PSO_default_total_15_current_0": 1.0933636860008846, "PSO_default_total_15_current_1": 0.9043691319948266, "PSO_default_total_15_current_2": 1.018050671002129, "PSO_default_total_15_current_3": 0.9674331449950841, "PSO_default_total_15_current_4": 1.0309274649971485, "PSO_default_total_15_current_5": 1.0483075280044432, "PSO_default_total_15_current_6": 0.9030103090008197, "PSO_default_total_15_current_7": 0.9161341930066556, "PSO_default_total_15_current_8": 0.9285654240047734, "PSO_default_total_15_current_9": 1.005545854994125, "PSO_default_total_15_current_10": 0.944942447997164, "PSO_default_total_15_current_11": 0.9068297699977848, "PSO_default_total_15_current_12": 0.8900948030022846, "PSO_default_total_15_current_13": 0.9395456959973671, "PSO_default_total_15_current_14": 1.357620771992515}