{"PSO_default_total_100_current_0": 1.160557606977818, "PSO_default_total_100_current_1": 1.179965645984339, "PSO_default_total_100_current_2": 1.7325653479856555, "PSO_default_total_100_current_3": 2.2796826980484184, "PSO_default_total_100_current_4": 1.1122415669888142, "PSO_default_total_100_current_5": 1.8852899580015219, "PSO_default_total_100_current_6": 1.7013050260211457, "PSO_default_total_100_current_7": 3.327140026973211, "PSO_default_total_100_current_8": 2.4569484949533944, "PSO_default_total_100_current_9": 2.5189140250440687, "PSO_default_total_100_current_10": 2.2438995579941547, "PSO_default_total_100_current_11": 1.1957746600310202, "PSO_default_total_100_current_12": 1.8243109590330278, "PSO_default_total_100_current_13": 1.093966653010284, "PSO_default_total_100_current_14": 2.8648637059741304, "PSO_default_total_100_current_15": 1.2334030989950406, "PSO_default_total_100_current_16": 1.9245004369659, "PSO_default_total_100_current_17": 1.7235967939850525, "PSO_default_total_100_current_18": 1.3553034640353872, "PSO_default_total_100_current_19": 0.9510321159832529, "PSO_default_total_100_current_20": 1.002744358003838, "PSO_default_total_100_current_21": 1.0137835329878726, "PSO_default_total_100_current_22": 0.9987099510253756, "PSO_default_total_100_current_23": 1.0328489990060916, "PSO_default_total_100_current_24": 0.9817294769818545, "PSO_default_total_100_current_25": 0.9848472769881482, "PSO_default_total_100_current_26": 1.0262173709998024, "PSO_default_total_100_current_27": 0.9834068680211203, "PSO_default_total_100_current_28": 1.299827752969577, "PSO_default_total_100_current_29": 1.0068579979924834, "PSO_default_total_100_current_30": 0.9956047259984189, "PSO_default_total_100_current_31": 1.274809176036797, "PSO_default_total_100_current_32": 1.0024920850191847, "PSO_default_total_100_current_33": 0.991517651018512, "PSO_default_total_100_current_34": 0.9912934050153126, "PSO_default_total_100_current_35": 1.4795608639906277, "PSO_default_total_100_current_36": 1.0260814650391694, "PSO_default_total_100_current_37": 1.042411694994371, "PSO_default_total_100_current_38": 1.0607764789747307, "PSO_default_total_100_current_39": 1.1241600600187667, "PSO_default_total_100_current_40": 0.9705173759866739, "PSO_default_total_100_current_41": 1.655617685042671, "PSO_default_total_100_current_42": 1.0195404989863164, "PSO_default_total_100_current_43": 0.9808733210011269, "PSO_default_total_100_current_44": 1.1763273780161398, "PSO_default_total_100_current_45": 1.002006088005146, "PSO_default_total_100_current_46": 2.95039202994667, "PSO_default_total_100_current_47": 1.1825200409875833, "PSO_default_total_100_current_48": 0.9973684540018439, "PSO_default_total_100_current_49": 2.360721927980194, "PSO_default_total_100_current_50": 1.6791792060030275, "PSO_default_total_100_current_51": 0.9711264850047883, "PSO_default_total_100_current_52": 1.5938751259818673, "PSO_default_total_100_current_53": 0.9586227889885777, "PSO_default_total_100_current_54": 0.9579026160063222, "PSO_default_total_100_current_55": 0.9594518570083892, "PSO_default_total_100_current_56": 1.6670302590282517, "PSO_default_total_100_current_57": 0.9754977420161595, "PSO_default_total_100_current_58": 0.9499486539934878, "PSO_default_total_100_current_59": 0.9772953710053116, "PSO_default_total_100_current_60": 0.9611892140092095, "PSO_default_total_100_current_61": 1.0255746869806899, "PSO_default_total_100_current_62": 0.9460943149679224, "PSO_default_total_100_current_63": 1.1216572520133923, "PSO_default_total_100_current_64": 1.0535663300033775, "PSO_default_total_100_current_65": 1.2136223599882214, "PSO_default_total_100_current_66": 1.02066719900904, "PSO_default_total_100_current_67": 1.203648331014847, "PSO_default_total_100_current_68": 1.110374561023491, "PSO_default_total_100_current_69": 0.9459994489952805, "PSO_default_total_100_current_70": 1.8043133939863765, "PSO_default_total_100_current_71": 0.9661116439892794, "PSO_default_total_100_current_72": 1.0246568280126667, "PSO_default_total_100_current_73": 1.2005308440056979, "PSO_default_total_100_current_74": 1.2772258380136918, "PSO_default_total_100_current_75": 0.9125134290152346, "PSO_default_total_100_current_76": 1.8112429690372664, "PSO_default_total_100_current_77": 0.9327664610027568, "PSO_default_total_100_current_78": 0.9521396580021246, "PSO_default_total_100_current_79": 0.9696207489978406, "PSO_default_total_100_current_80": 2.5995677530154353, "PSO_default_total_100_current_81": 3.3624085179981194, "PSO_default_total_100_current_82": 3.4053131149630644, "PSO_default_total_100_current_83": 2.248109669984842, "PSO_default_total_100_current_84": 1.148381511986372, "PSO_default_total_100_current_85": 1.8799430039871368, "PSO_default_total_100_current_86": 1.0635486000101082, "PSO_default_total_100_current_87": 1.0441300590100582, "PSO_default_total_100_current_88": 2.1842171119787963, "PSO_default_total_100_current_89": 1.4122925409974414, "PSO_default_total_100_current_90": 1.0755589569744188, "PSO_default_total_100_current_91": 2.013985547979246, "PSO_default_total_100_current_92": 3.345286106072308, "PSO_default_total_100_current_93": 2.0850840809725923, "PSO_default_total_100_current_94": 1.5626990989840124, "PSO_default_total_100_current_95": 2.9175938479602337, "PSO_default_total_100_current_96": 1.0406201260411763, "PSO_default_total_100_current_97": 2.653795475976949, "PSO_default_total_100_current_98": 1.226749119006854, "PSO_default_total_100_current_99": 1.0464587019741884}