{"loc0_0_loc0_1": 200.02258985713877, "loc0_0_loc0_2": 212.341185286857, "loc0_0_loc0_3": 177.56554361795355, "loc0_0_loc0_4": 210.79838310161972, "loc0_0_loc0_5": 183.04144220484386, "loc0_1_loc0_2": 155.5910623121701, "loc0_1_loc0_3": 180.4852309889659, "loc0_1_loc0_4": 216.43327685065367, "loc0_1_loc0_5": 197.60318978085405, "loc0_2_loc0_3": 214.69211298181267, "loc0_2_loc0_4": 149.55130577327992, "loc0_2_loc0_5": 143.76634507814316, "loc0_3_loc0_4": 200.2171558395217, "loc0_3_loc0_5": 222.48974093450232, "loc0_4_loc0_5": 167.37523045315396, "loc1_0_loc1_1": 563.9118875902236, "loc1_0_loc1_2": 558.1718077228561, "loc1_0_loc1_3": 741.8093566397813, "loc1_0_loc1_4": 715.615288604811, "loc1_0_loc1_5": 688.9181765364092, "loc1_0_loc1_6": 629.335014748418, "loc1_0_loc1_7": 705.6270573260465, "loc1_0_loc1_8": 849.8726440510766, "loc1_1_loc1_2": 652.4527759188106, "loc1_1_loc1_3": 712.6108220669998, "loc1_1_loc1_4": 918.5084773830938, "loc1_1_loc1_5": 626.5839942025796, "loc1_1_loc1_6": 681.6743519978056, "loc1_1_loc1_7": 900.9639540831452, "loc1_1_loc1_8": 723.600765845647, "loc1_2_loc1_3": 735.2631435521032, "loc1_2_loc1_4": 701.0591847679134, "loc1_2_loc1_5": 633.5482737707687, "loc1_2_loc1_6": 602.5742493372852, "loc1_2_loc1_7": 642.706852821023, "loc1_2_loc1_8": 723.9925922539417, "loc1_3_loc1_4": 738.2630410543047, "loc1_3_loc1_5": 614.7845761587548, "loc1_3_loc1_6": 533.7584827910789, "loc1_3_loc1_7": 735.3465707462215, "loc1_3_loc1_8": 760.1028325986822, "loc1_4_loc1_5": 707.7437079804654, "loc1_4_loc1_6": 738.8878081534347, "loc1_4_loc1_7": 747.4457069721561, "loc1_4_loc1_8": 765.7591350547798, "loc1_5_loc1_6": 812.7226833027696, "loc1_5_loc1_7": 571.8533017523043, "loc1_5_loc1_8": 771.569970259005, "loc1_6_loc1_7": 731.4586830455812, "loc1_6_loc1_8": 670.8054356685802, "loc1_7_loc1_8": 745.8699836237063, "loc0_0_loc1_0": 55.35401390907729, "loc0_0_loc1_1": 80.36089196676058, "loc0_0_loc1_2": 81.18273653182887, "loc0_0_loc1_3": 48.3138702197933, "loc0_0_loc1_4": 62.823915439362736, "loc0_0_loc1_5": 49.95462344279705, "loc0_0_loc1_6": 83.00724871796379, "loc0_0_loc1_7": 46.74211129264728, "loc0_0_loc1_8": 61.70011581707721, "loc0_1_loc1_0": 70.53470413535743, "loc0_1_loc1_1": 83.09131203010168, "loc0_1_loc1_2": 72.0915005152429, "loc0_1_loc1_3": 48.42923950702402, "loc0_1_loc1_4": 46.642399744707944, "loc0_1_loc1_5": 50.441541936935394, "loc0_1_loc1_6": 83.16436091656945, "loc0_1_loc1_7": 46.97731685620564, "loc0_1_loc1_8": 82.23367077682215, "loc0_2_loc1_0": 70.58134895739414, "loc0_2_loc1_1": 72.40250135912808, "loc0_2_loc1_2": 58.62852712475325, "loc0_2_loc1_3": 56.90620273609437, "loc0_2_loc1_4": 52.36002597334537, "loc0_2_loc1_5": 53.3339257666768, "loc0_2_loc1_6": 63.62726443947689, "loc0_2_loc1_7": 83.23875417980084, "loc0_2_loc1_8": 82.8305168192929, "loc0_3_loc1_0": 83.23222595906684, "loc0_3_loc1_1": 73.39474012471415, "loc0_3_loc1_2": 81.52557106949591, "loc0_3_loc1_3": 79.8346772532723, "loc0_3_loc1_4": 58.89954034348704, "loc0_3_loc1_5": 46.83797569560471, "loc0_3_loc1_6": 83.04897838596767, "loc0_3_loc1_7": 79.6878147387075, "loc0_3_loc1_8": 78.37846942843782, "loc0_4_loc1_0": 71.44233848896033, "loc0_4_loc1_1": 46.24841644251721, "loc0_4_loc1_2": 73.07603058166738, "loc0_4_loc1_3": 65.8503281725787, "loc0_4_loc1_4": 54.52949715260353, "loc0_4_loc1_5": 55.734126303355666, "loc0_4_loc1_6": 83.09001379189064, "loc0_4_loc1_7": 83.19585255100648, "loc0_4_loc1_8": 48.45082443690243, "loc0_5_loc1_0": 81.16913626890172, "loc0_5_loc1_1": 62.635657396925325, "loc0_5_loc1_2": 59.452019148074605, "loc0_5_loc1_3": 75.70244318674025, "loc0_5_loc1_4": 74.4897780086886, "loc0_5_loc1_5": 46.92628151113749, "loc0_5_loc1_6": 65.14455161581188, "loc0_5_loc1_7": 83.02238409451644, "loc0_5_loc1_8": 83.11920815986218}