{"PSO_default_total_100_current_0": 0.5144964459759649, "PSO_default_total_100_current_1": 0.5432841869987897, "PSO_default_total_100_current_2": 0.624419679006678, "PSO_default_total_100_current_3": 0.6322364629886579, "PSO_default_total_100_current_4": 0.8344716650026385, "PSO_default_total_100_current_5": 1.1437522629857995, "PSO_default_total_100_current_6": 1.1489478339717607, "PSO_default_total_100_current_7": 1.6928394930218928, "PSO_default_total_100_current_8": 0.5463732529970002, "PSO_default_total_100_current_9": 0.9965652120008599, "PSO_default_total_100_current_10": 0.5097958909973386, "PSO_default_total_100_current_11": 0.827208715978486, "PSO_default_total_100_current_12": 0.666359167000337, "PSO_default_total_100_current_13": 1.5310020539836842, "PSO_default_total_100_current_14": 0.8468868840063806, "PSO_default_total_100_current_15": 1.079085578014201, "PSO_default_total_100_current_16": 1.5518160960054956, "PSO_default_total_100_current_17": 1.6485147399871494, "PSO_default_total_100_current_18": 0.4672558609745465, "PSO_default_total_100_current_19": 0.5026803880027728, "PSO_default_total_100_current_20": 0.44435050900210626, "PSO_default_total_100_current_21": 0.4600455000254442, "PSO_default_total_100_current_22": 0.5040886149872676, "PSO_default_total_100_current_23": 0.6192346170137171, "PSO_default_total_100_current_24": 0.4705806620186195, "PSO_default_total_100_current_25": 0.52955512196786, "PSO_default_total_100_current_26": 0.45566465597221395, "PSO_default_total_100_current_27": 0.43991111603099853, "PSO_default_total_100_current_28": 0.7468397869743058, "PSO_default_total_100_current_29": 0.4461790910208947, "PSO_default_total_100_current_30": 0.4736196739904699, "PSO_default_total_100_current_31": 0.7543942889606114, "PSO_default_total_100_current_32": 0.4827658539725235, "PSO_default_total_100_current_33": 0.5418835330056027, "PSO_default_total_100_current_34": 1.0412616370231262, "PSO_default_total_100_current_35": 0.45286265001050197, "PSO_default_total_100_current_36": 0.6613025500046206, "PSO_default_total_100_current_37": 0.475952023982245, "PSO_default_total_100_current_38": 0.4633994410105515, "PSO_default_total_100_current_39": 0.6576334530036547, "PSO_default_total_100_current_40": 0.46409517998836236, "PSO_default_total_100_current_41": 1.196316630972433, "PSO_default_total_100_current_42": 0.9691422580144717, "PSO_default_total_100_current_43": 0.44687526300549507, "PSO_default_total_100_current_44": 0.5379623619737686, "PSO_default_total_100_current_45": 0.44715921099850675, "PSO_default_total_100_current_46": 0.4588138019826147, "PSO_default_total_100_current_47": 0.6116717029872234, "PSO_default_total_100_current_48": 0.4829320440112497, "PSO_default_total_100_current_49": 0.8054517719720025, "PSO_default_total_100_current_50": 0.587223026996071, "PSO_default_total_100_current_51": 0.4522699890003423, "PSO_default_total_100_current_52": 0.4600591660127975, "PSO_default_total_100_current_53": 0.5066464080082369, "PSO_default_total_100_current_54": 0.4356722249794984, "PSO_default_total_100_current_55": 0.6548477180112968, "PSO_default_total_100_current_56": 0.41207630899589276, "PSO_default_total_100_current_57": 0.4399319859803654, "PSO_default_total_100_current_58": 0.5263051359797828, "PSO_default_total_100_current_59": 0.4289653480009292, "PSO_default_total_100_current_60": 0.4538349329814082, "PSO_default_total_100_current_61": 0.5303671109941206, "PSO_default_total_100_current_62": 0.46001399098167894, "PSO_default_total_100_current_63": 0.4760931380005786, "PSO_default_total_100_current_64": 0.9699134869588306, "PSO_default_total_100_current_65": 0.45931665299576707, "PSO_default_total_100_current_66": 0.4987126109917881, "PSO_default_total_100_current_67": 0.4302679680113215, "PSO_default_total_100_current_68": 0.4285325829841895, "PSO_default_total_100_current_69": 0.43545785301103024, "PSO_default_total_100_current_70": 0.4982737970130984, "PSO_default_total_100_current_71": 0.7240463490161346, "PSO_default_total_100_current_72": 0.4619856199788046, "PSO_default_total_100_current_73": 0.6438253529922804, "PSO_default_total_100_current_74": 0.5451982890153886, "PSO_default_total_100_current_75": 0.4609444349844125, "PSO_default_total_100_current_76": 0.45083459600573406, "PSO_default_total_100_current_77": 0.5698571750108385, "PSO_default_total_100_current_78": 0.9845130579924444, "PSO_default_total_100_current_79": 0.780782383029873, "PSO_default_total_100_current_80": 0.4576453909758129, "PSO_default_total_100_current_81": 0.49337689500680426, "PSO_default_total_100_current_82": 0.4721341789991129, "PSO_default_total_100_current_83": 1.0607137600163696, "PSO_default_total_100_current_84": 0.5587826060218504, "PSO_default_total_100_current_85": 0.5300237990231835, "PSO_default_total_100_current_86": 0.9268006910060649, "PSO_default_total_100_current_87": 0.8429651999904308, "PSO_default_total_100_current_88": 0.5576653789830743, "PSO_default_total_100_current_89": 0.638118578994181, "PSO_default_total_100_current_90": 1.0889214379785699, "PSO_default_total_100_current_91": 1.2579446230010944, "PSO_default_total_100_current_92": 1.0388392769964412, "PSO_default_total_100_current_93": 1.0173696080310037, "PSO_default_total_100_current_94": 0.7033448389629484, "PSO_default_total_100_current_95": 1.4500131740569486, "PSO_default_total_100_current_96": 1.7682959880621638, "PSO_default_total_100_current_97": 1.394542991030903, "PSO_default_total_100_current_98": 0.8345101810264168, "PSO_default_total_100_current_99": 0.8313800140094827}