{"av_txn_latency": 10858.30433789027, "txn_throughput": 0.27314814814814814, "txn_proc_ratio": 0.1475}