{"av_txn_latency": 9790.056969700438, "txn_throughput": 0.24444444444444444, "txn_proc_ratio": 0.132}