{"av_txn_latency": 12612.590833193064, "txn_throughput": 0.2222222222222222, "txn_proc_ratio": 0.12}