{"av_txn_latency": 10382.673380391698, "txn_throughput": 0.13148148148148148, "txn_proc_ratio": 0.071}