{"av_txn_latency": 9598.853049937716, "txn_throughput": 0.2611111111111111, "txn_proc_ratio": 0.141}