{"av_txn_latency": 20937.393962108865, "txn_throughput": 0.24537037037037038, "txn_proc_ratio": 0.1325}