{"av_txn_latency": 21020.964124361977, "txn_throughput": 0.24259259259259258, "txn_proc_ratio": 0.131}