{"av_txn_latency": 21239.491359031963, "txn_throughput": 0.2175925925925926, "txn_proc_ratio": 0.1175}