{"av_txn_latency": 76.92500019073486, "txn_throughput": 0.003703703703703704, "txn_proc_ratio": 0.002}