{"av_txn_latency": 21275.58359532486, "txn_throughput": 0.30648148148148147, "txn_proc_ratio": 0.1655}