{"av_txn_latency": 21309.37128150214, "txn_throughput": 0.3101851851851852, "txn_proc_ratio": 0.1675}