{"av_txn_latency": 21358.996428252685, "txn_throughput": 0.3111111111111111, "txn_proc_ratio": 0.168}