{"av_txn_latency": 21117.33403075643, "txn_throughput": 0.22037037037037038, "txn_proc_ratio": 0.119}