{"av_txn_latency": 21312.043314031896, "txn_throughput": 0.26851851851851855, "txn_proc_ratio": 0.145}