{"av_txn_latency": 724.0600006580353, "txn_throughput": 0.003703703703703704, "txn_proc_ratio": 0.002}