{"av_txn_latency": 227.30000019073486, "txn_throughput": 0.001851851851851852, "txn_proc_ratio": 0.001}