{"av_txn_latency": 10099.43888847968, "txn_throughput": 0.5666666666666667, "txn_proc_ratio": 0.153}