{"av_txn_latency": 7357.072883363498, "txn_throughput": 0.5462962962962963, "txn_proc_ratio": 0.1475}