{"av_txn_latency": 9384.303854115038, "txn_throughput": 0.1537037037037037, "txn_proc_ratio": 0.083}