{"av_txn_latency": 11235.702236802414, "txn_throughput": 0.10740740740740741, "txn_proc_ratio": 0.058}