{"av_txn_latency": 8055.161956464035, "txn_throughput": 0.12777777777777777, "txn_proc_ratio": 0.069}