{"av_txn_latency": 11921.378571325824, "txn_throughput": 0.15555555555555556, "txn_proc_ratio": 0.084}