{"av_txn_latency": 5761.9063324590525, "txn_throughput": 0.2222222222222222, "txn_proc_ratio": 0.12}