{"av_txn_latency": 19212.853141370986, "txn_throughput": 0.45092592592592595, "txn_proc_ratio": 0.2435}