{"av_txn_latency": 20646.503584269616, "txn_throughput": 0.45185185185185184, "txn_proc_ratio": 0.244}