{"av_txn_latency": 20497.6927761939, "txn_throughput": 0.5009259259259259, "txn_proc_ratio": 0.2705}