{"av_txn_latency": 20942.166194407288, "txn_throughput": 0.3138888888888889, "txn_proc_ratio": 0.1695}