{"av_txn_latency": 20470.99341311569, "txn_throughput": 0.30925925925925923, "txn_proc_ratio": 0.167}