{"av_txn_latency": 16793.083480542966, "txn_throughput": 0.1648148148148148, "txn_proc_ratio": 0.089}