{"av_txn_latency": 20838.080934096764, "txn_throughput": 0.287962962962963, "txn_proc_ratio": 0.1555}