{"av_txn_latency": 20039.596176479845, "txn_throughput": 0.3148148148148148, "txn_proc_ratio": 0.17}