{"av_txn_latency": 19393.153742715716, "txn_throughput": 0.2074074074074074, "txn_proc_ratio": 0.112}