{"av_txn_latency": 6135.870002587636, "txn_throughput": 0.005555555555555556, "txn_proc_ratio": 0.003}