{"av_txn_latency": 6471.290002266566, "txn_throughput": 0.002777777777777778, "txn_proc_ratio": 0.0015}