{"av_txn_latency": 21390.626401780883, "txn_throughput": 0.38333333333333336, "txn_proc_ratio": 0.207}