{"av_txn_latency": 21123.1473298845, "txn_throughput": 0.22870370370370371, "txn_proc_ratio": 0.1235}