{"av_txn_latency": 21298.108989402503, "txn_throughput": 0.18333333333333332, "txn_proc_ratio": 0.099}