{"av_txn_latency": 21301.154687743518, "txn_throughput": 0.29444444444444445, "txn_proc_ratio": 0.159}