{"av_txn_latency": 10226.09496702104, "txn_throughput": 0.31296296296296294, "txn_proc_ratio": 0.0845}