{"av_txn_latency": 10237.824798859188, "txn_throughput": 0.32407407407407407, "txn_proc_ratio": 0.0875}