{"av_txn_latency": 10394.777963943401, "txn_throughput": 0.21851851851851853, "txn_proc_ratio": 0.059}