{"av_txn_latency": 860.3399994373322, "txn_throughput": 0.003703703703703704, "txn_proc_ratio": 0.001}