{"av_txn_latency": 528.7700004577637, "txn_throughput": 0.003703703703703704, "txn_proc_ratio": 0.001}