{"av_txn_latency": 10401.4244283103, "txn_throughput": 0.37592592592592594, "txn_proc_ratio": 0.1015}