{"av_txn_latency": 10371.848471697835, "txn_throughput": 0.26666666666666666, "txn_proc_ratio": 0.072}