{"av_txn_latency": 10386.915982734961, "txn_throughput": 0.45185185185185184, "txn_proc_ratio": 0.122}