{"av_txn_latency": 16613.16691915923, "txn_throughput": 1.0398148148148147, "txn_proc_ratio": 0.5615}