{"av_txn_latency": 5556.950695546037, "txn_throughput": 0.4787037037037037, "txn_proc_ratio": 0.2585}