{"av_txn_latency": 9516.402239557683, "txn_throughput": 0.8444444444444444, "txn_proc_ratio": 0.456}