{"av_txn_latency": 13924.724884615547, "txn_throughput": 0.16111111111111112, "txn_proc_ratio": 0.087}