{"av_txn_latency": 16067.310958904154, "txn_throughput": 0.17407407407407408, "txn_proc_ratio": 0.094}