{"av_txn_latency": 20912.463677072526, "txn_throughput": 0.1712962962962963, "txn_proc_ratio": 0.0925}