{"av_txn_latency": 20467.040866091233, "txn_throughput": 0.22407407407407406, "txn_proc_ratio": 0.121}