{"av_txn_latency": 20614.188038850498, "txn_throughput": 0.19814814814814816, "txn_proc_ratio": 0.107}