{"av_txn_latency": 20868.174063428418, "txn_throughput": 0.1685185185185185, "txn_proc_ratio": 0.091}