{"av_txn_latency": 21150.420216535233, "txn_throughput": 0.3425925925925926, "txn_proc_ratio": 0.185}