{"av_txn_latency": 20475.738073507946, "txn_throughput": 0.10555555555555556, "txn_proc_ratio": 0.057}