{"av_txn_latency": 20913.66184208253, "txn_throughput": 0.2361111111111111, "txn_proc_ratio": 0.1275}