{"av_txn_latency": 21082.92067566409, "txn_throughput": 0.3148148148148148, "txn_proc_ratio": 0.17}