{"av_txn_latency": 21152.967921654385, "txn_throughput": 0.08888888888888889, "txn_proc_ratio": 0.048}