{"av_txn_latency": 339.6400001049042, "txn_throughput": 0.001851851851851852, "txn_proc_ratio": 0.001}