{"av_txn_latency": 20996.218087502206, "txn_throughput": 0.41574074074074074, "txn_proc_ratio": 0.2245}