{"av_txn_latency": 19499.696810730868, "txn_throughput": 0.362962962962963, "txn_proc_ratio": 0.196}