{"av_txn_latency": 20871.227521944347, "txn_throughput": 0.44166666666666665, "txn_proc_ratio": 0.2385}