{"av_txn_latency": 20567.53216930188, "txn_throughput": 0.34629629629629627, "txn_proc_ratio": 0.187}