{"av_txn_latency": 9785.102164355083, "txn_throughput": 0.7444444444444445, "txn_proc_ratio": 0.201}