{"av_txn_latency": 319.6099998950958, "txn_throughput": 0.003703703703703704, "txn_proc_ratio": 0.001}