{"av_txn_latency": 154.36999988555908, "txn_throughput": 0.003703703703703704, "txn_proc_ratio": 0.001}