{"av_txn_latency": 172.5900001525879, "txn_throughput": 0.003703703703703704, "txn_proc_ratio": 0.001}