{"av_txn_latency": 10131.999691801804, "txn_throughput": 0.48148148148148145, "txn_proc_ratio": 0.13}