{"av_txn_latency": 6321.702558040619, "txn_throughput": 0.31851851851851853, "txn_proc_ratio": 0.086}