{"av_txn_latency": 7129.451990460887, "txn_throughput": 0.3814814814814815, "txn_proc_ratio": 0.103}