{"av_txn_latency": 5814.721520229891, "txn_throughput": 0.48703703703703705, "txn_proc_ratio": 0.1315}