{"av_txn_latency": 7522.719074539038, "txn_throughput": 0.24074074074074073, "txn_proc_ratio": 0.065}