{"av_txn_latency": 4732.270000696182, "txn_throughput": 0.001851851851851852, "txn_proc_ratio": 0.001}