{"av_txn_latency": 3864.2715030751797, "txn_throughput": 0.44351851851851853, "txn_proc_ratio": 0.2395}