{"av_txn_latency": 3553.7776558234773, "txn_throughput": 0.26851851851851855, "txn_proc_ratio": 0.145}