{"av_txn_latency": 801.696666320165, "txn_throughput": 0.011111111111111112, "txn_proc_ratio": 0.006}