{"av_txn_latency": 707.9700001875559, "txn_throughput": 0.016666666666666666, "txn_proc_ratio": 0.009}