{"av_txn_latency": 21303.43219870329, "txn_throughput": 0.3074074074074074, "txn_proc_ratio": 0.166}