{"av_txn_latency": 21200.095280085545, "txn_throughput": 0.31203703703703706, "txn_proc_ratio": 0.1685}