{"av_txn_latency": 21333.34248317733, "txn_throughput": 0.3055555555555556, "txn_proc_ratio": 0.165}