{"av_txn_latency": 21395.39862374028, "txn_throughput": 0.337037037037037, "txn_proc_ratio": 0.182}