{"av_txn_latency": 1023.7550001144409, "txn_throughput": 0.003703703703703704, "txn_proc_ratio": 0.002}