{"av_txn_latency": 11699.855990647342, "txn_throughput": 0.23796296296296296, "txn_proc_ratio": 0.1285}