{"av_txn_latency": 11613.930703509022, "txn_throughput": 0.3287037037037037, "txn_proc_ratio": 0.1775}