{"av_txn_latency": 8222.529028298071, "txn_throughput": 0.2759259259259259, "txn_proc_ratio": 0.149}