{"av_txn_latency": 5850.688888572984, "txn_throughput": 0.13333333333333333, "txn_proc_ratio": 0.072}