{"av_txn_latency": 1963.6799996693928, "txn_throughput": 0.005555555555555556, "txn_proc_ratio": 0.003}