{"av_txn_latency": 811.789999961853, "txn_throughput": 0.001851851851851852, "txn_proc_ratio": 0.001}