{"av_txn_latency": 852.5500004291534, "txn_throughput": 0.001851851851851852, "txn_proc_ratio": 0.001}