{"av_txn_latency": 781.2100007534027, "txn_throughput": 0.003703703703703704, "txn_proc_ratio": 0.002}