{"av_txn_latency": 1825.6500008106232, "txn_throughput": 0.001851851851851852, "txn_proc_ratio": 0.001}