{"av_txn_latency": 1806.6249998807907, "txn_throughput": 0.003703703703703704, "txn_proc_ratio": 0.002}