{"av_txn_latency": 21201.028444938256, "txn_throughput": 0.26296296296296295, "txn_proc_ratio": 0.142}