{"av_txn_latency": 21215.268349129125, "txn_throughput": 0.30277777777777776, "txn_proc_ratio": 0.1635}