{"av_txn_latency": 21275.231463847842, "txn_throughput": 0.25925925925925924, "txn_proc_ratio": 0.14}