{"av_txn_latency": 21104.41301836794, "txn_throughput": 0.25462962962962965, "txn_proc_ratio": 0.1375}