{"av_txn_latency": 21490.128466015838, "txn_throughput": 0.3074074074074074, "txn_proc_ratio": 0.166}