{"av_txn_latency": 32.03999996185303, "txn_throughput": 0.003703703703703704, "txn_proc_ratio": 0.002}