{"av_txn_latency": 173.9099998474121, "txn_throughput": 0.001851851851851852, "txn_proc_ratio": 0.001}