{"av_txn_latency": 113.49999992052715, "txn_throughput": 0.005555555555555556, "txn_proc_ratio": 0.003}