{"av_txn_latency": 299.2400002479553, "txn_throughput": 0.001851851851851852, "txn_proc_ratio": 0.001}