{"av_txn_latency": 3020.779999613762, "txn_throughput": 0.003703703703703704, "txn_proc_ratio": 0.002}