{"av_txn_latency": 5825.809998035431, "txn_throughput": 0.001851851851851852, "txn_proc_ratio": 0.001}