{"av_txn_latency": 4119.965001583099, "txn_throughput": 0.011111111111111112, "txn_proc_ratio": 0.006}