{"av_txn_latency": 8650.38079819004, "txn_throughput": 0.20925925925925926, "txn_proc_ratio": 0.113}