{"av_txn_latency": 8710.577583070459, "txn_throughput": 0.16111111111111112, "txn_proc_ratio": 0.087}