{"av_txn_latency": 7597.963000102838, "txn_throughput": 0.2222222222222222, "txn_proc_ratio": 0.12}