{"av_txn_latency": 9286.81239407265, "txn_throughput": 0.25092592592592594, "txn_proc_ratio": 0.1355}