{"av_txn_latency": 2526.3025010228157, "txn_throughput": 0.007407407407407408, "txn_proc_ratio": 0.004}