{"av_txn_latency": 2526.630000591278, "txn_throughput": 0.003703703703703704, "txn_proc_ratio": 0.002}