{"av_txn_latency": 1312.1200001239777, "txn_throughput": 0.001851851851851852, "txn_proc_ratio": 0.001}