{"av_txn_latency": 19013.995099565982, "txn_throughput": 0.18518518518518517, "txn_proc_ratio": 0.1}