{"av_txn_latency": 19773.663870624317, "txn_throughput": 0.17222222222222222, "txn_proc_ratio": 0.093}