{"av_txn_latency": 17753.069244898714, "txn_throughput": 0.1962962962962963, "txn_proc_ratio": 0.106}