{"av_txn_latency": 21147.281194499454, "txn_throughput": 0.29444444444444445, "txn_proc_ratio": 0.159}