{"av_txn_latency": 17958.051082769016, "txn_throughput": 0.14537037037037037, "txn_proc_ratio": 0.0785}