{"av_txn_latency": 10628.055190900961, "txn_throughput": 0.28888888888888886, "txn_proc_ratio": 0.078}