{"av_txn_latency": 166.48999977111816, "txn_throughput": 0.003703703703703704, "txn_proc_ratio": 0.001}