{"av_txn_latency": 10476.424776352942, "txn_throughput": 0.4148148148148148, "txn_proc_ratio": 0.112}