{"av_txn_latency": 10681.216678104092, "txn_throughput": 0.5740740740740741, "txn_proc_ratio": 0.155}