{"av_txn_latency": 10223.855914636397, "txn_throughput": 0.26296296296296295, "txn_proc_ratio": 0.071}