{"av_txn_latency": 10421.59340600835, "txn_throughput": 0.26666666666666666, "txn_proc_ratio": 0.072}