{"av_txn_latency": 10650.11832388273, "txn_throughput": 0.4759259259259259, "txn_proc_ratio": 0.1285}