{"av_txn_latency": 10331.661158741997, "txn_throughput": 0.44814814814814813, "txn_proc_ratio": 0.121}