{"av_txn_latency": 10460.374489767697, "txn_throughput": 0.4537037037037037, "txn_proc_ratio": 0.1225}