{"av_txn_latency": 251.17500030994415, "txn_throughput": 0.007407407407407408, "txn_proc_ratio": 0.002}