{"av_txn_latency": 6312.228124946356, "txn_throughput": 0.014814814814814815, "txn_proc_ratio": 0.008}