{"av_txn_latency": 1308.5600004196167, "txn_throughput": 0.001851851851851852, "txn_proc_ratio": 0.001}