{"av_txn_latency": 2713.859999895096, "txn_throughput": 0.001851851851851852, "txn_proc_ratio": 0.001}