{"av_txn_latency": 7311.702665141134, "txn_throughput": 0.3055555555555556, "txn_proc_ratio": 0.165}