{"av_txn_latency": 20184.462726558322, "txn_throughput": 0.4962962962962963, "txn_proc_ratio": 0.268}