{"av_txn_latency": 19866.455142201718, "txn_throughput": 0.41574074074074074, "txn_proc_ratio": 0.2245}