{"av_txn_latency": 19460.941929954643, "txn_throughput": 0.39351851851851855, "txn_proc_ratio": 0.2125}