{"av_txn_latency": 21138.993096728194, "txn_throughput": 0.4777777777777778, "txn_proc_ratio": 0.258}