{"av_txn_latency": 21254.849444108713, "txn_throughput": 0.2824074074074074, "txn_proc_ratio": 0.1525}