{"av_txn_latency": 21214.821369324232, "txn_throughput": 0.2638888888888889, "txn_proc_ratio": 0.1425}