{"av_txn_latency": 21087.15631958915, "txn_throughput": 0.37962962962962965, "txn_proc_ratio": 0.205}