{"av_txn_latency": 21225.80979893136, "txn_throughput": 0.27870370370370373, "txn_proc_ratio": 0.1505}