{"av_txn_latency": 21158.75009012511, "txn_throughput": 0.3055555555555556, "txn_proc_ratio": 0.165}