{"av_txn_latency": 8595.112724621473, "txn_throughput": 0.23796296296296296, "txn_proc_ratio": 0.1285}