{"av_txn_latency": 9140.138685014002, "txn_throughput": 0.28888888888888886, "txn_proc_ratio": 0.156}