{"av_txn_latency": 8417.607227335015, "txn_throughput": 0.23055555555555557, "txn_proc_ratio": 0.1245}