{"av_txn_latency": 10042.161205124348, "txn_throughput": 0.2611111111111111, "txn_proc_ratio": 0.141}