{"av_txn_latency": 12844.827425765268, "txn_throughput": 0.24444444444444444, "txn_proc_ratio": 0.132}